y_true,y_prob
0,0.16828302478526588
0,0.08760095362557027
0,0.19502707174838743
1,0.20643388298347282
0,0.032937888680769814
0,0.0718692295882609
0,0.15767042419003713
0,0.13102544445938508
0,0.14899193054974266
0,0.09881736434558519
0,0.2027638784917697
0,0.1966675161257369
0,0.15396184185367295
1,0.21763447241808198
0,0.17805056053512272
0,0.0984424522270057
0,0.17212504704494994
0,0.09246704395026006
0,0.20270701807843633
0,0.14700444534082482
0,0.13890825818728436
0,0.10914422733576351
0,0.2233524803204418
0,0.14072823107587187
0,0.12430033067021357
0,0.12887198697070623
1,0.18193855113320093
0,0.1719266438618447
0,0.1747639566957593
0,0.17584926018047295
0,0.249999
0,0.12561509901692305
0,0.11926543625570776
1,0.10117363630512732
0,0.18695876535452974
0,0.2177383375632535
0,0.1431631525407075
0,0.09959061138224831
0,0.10053112705852563
1,0.18903556726948206
0,0.19459525027220653
0,0.1825892560983117
0,0.11006941756267834
0,0.16392967938400319
0,0.1570011485484437
0,0.16312131580374079
1,0.20228572667689138
0,0.16341573292648093
0,0.19073481378431367
0,0.15405474416933349
0,0.16734716392139903
0,0.1878772935503124
0,0.06257065080866
0,0.13081972701856193
0,0.12177764074243226
0,0.11166732910539948
0,0.13349146492639896
0,0.23969647867406374
0,0.0980501330584054
0,0.20809670127548885
0,0.04902781370305172
1,0.1299068982008535
0,0.15976518390630032
0,0.18517333988155668
0,0.1926735947875713
0,0.1976008341119955
0,0.12907649566509374
0,0.12225889244012597
1,0.2014785528754292
0,0.1385217405071031
0,0.07345882059972468
0,0.08200276715979116
0,0.09483286283990332
1,0.17982964464322584
0,0.15854554416423391
0,0.19142912124406608
0,0.12436484121980794
0,0.15951238146460284
0,0.1875354236380402
0,0.13143920761678568
0,0.17740651425344467
0,0.11028444353600092
0,0.12821676920609568
0,0.12709572636010025
0,0.07824962126465762
0,0.1792183488471349
1,0.12183585958783656
0,0.15074964712366123
0,0.17884479953435453
0,0.17679187056179663
0,0.18992310653836716
0,0.14409087092943457
0,0.12460210127735077
0,0.14521690734561604
0,0.04875993396251821
0,0.06317325165461476
0,0.07063802325873586
0,0.0901651903439111
1,0.1739864536034062
0,0.09567125667839635
0,0.1273102467576366
0,0.2279536978671639
0,0.12862416173631444
0,0.19425093410802519
0,0.09398293919940737
0,0.1376737465279422
1,0.09299867670536513
0,0.12965801544596625
0,0.20041848824744374
0,0.04636077460845908
0,0.17606541861275143
1,0.16426413613993668
0,0.11435100265819234
1,0.06323652873669272
1,0.15432777046283216
0,0.11823043745617184
0,0.16396057268128222
0,0.15131112873140656
0,0.24610673347925494
0,0.13563866235161853
0,0.0885901504426881
1,0.16075653809737897
0,0.1631998010383059
0,0.23155125451442618
0,0.2001066747548747
1,0.17141226354897054
0,0.2377981734731737
0,0.07867421674062894
1,0.11161490803501514
0,0.0944054435156685
0,0.1266114118106539
0,0.06739883114662147
0,0.18810905680886425
0,0.1366666381740736
0,0.06175162232984052
0,0.08906525512754751
0,0.1688108308470117
0,0.20028759407366287
0,0.249999
0,0.249999
0,0.17486456599655978
0,0.09062771279808815
1,0.022077223156121456
0,0.16606268774063015
0,0.10122353428138044
0,0.12507856438921888
0,0.11327419205641151
0,0.1415525468150169
0,0.21395881384725862
0,0.15942291404672068
0,0.1404819097776787
0,0.0878607748304513
0,0.04951902331773858
0,0.12082152545560014
0,0.14677304695090077
0,0.249999
0,0.15781647128837314
0,0.20896437066138346
0,0.12004226408765087
1,0.07890337401497852
0,0.09209299426605769
1,0.1064864361278548
0,0.249999
0,0.10071679924653683
0,0.2003093522241807
0,0.09582436931477842
0,0.20589438077245464
0,0.17309705796635177
0,0.14060172614051458
0,0.14755424843187395
0,0.11071273827423657
0,0.17676433208892484
0,0.12270099117955319
0,0.07646365417396511
0,0.07332374554082284
0,0.16035527506332717
0,0.2447454753846261
0,0.1595994968144063
0,0.14288170043340703
0,0.16714956837615258
0,0.22836010450240948
0,0.16316295008183138
0,0.12534436614997577
0,0.21637732260359333
0,0.1757253863076968
0,0.24214535951975952
0,0.16099406623331436
0,0.07653185809676998
0,0.0679104480452601
0,0.24905567593387495
0,0.249999
0,0.13922884720304396
0,0.12700876073184073
0,0.2376866575345321
0,0.08357725907739072
0,0.0963163788626504
1,0.18859960768134265
0,0.12632369262842463
0,0.14969268799679572
0,0.14019342608852925
0,0.170254472927936
1,0.23444891167882298
0,0.15543509441410472
1,0.18863632759661147
1,0.026989673938138642
0,0.14707689588419293
1,0.09940618378242773
0,0.07687121637458232
0,0.09731085798427495
0,0.12995259355795127
1,0.2049541525413608
1,0.07041643693562616
0,0.15183788955566505
1,0.12094983399998528
0,0.13033961433828234
0,0.21016546951827625
0,0.18228692622023557
0,0.23024388644656463
0,0.14072965924500597
1,0.10824344329975781
1,0.13656847098717
0,0.1645498074762733
1,0.16059440150722265
0,0.084936715665998
0,0.15542938689767244
0,0.16369369980833431
0,0.249999
0,0.249999
0,0.0988053989664708
0,0.13275699830704943
0,0.062193479889779815
0,0.11455757916219081
0,0.16893630021542042
0,0.222351217253294
0,0.10625496973538348
0,0.11075121359593221
0,0.021162658215680696
1,0.14024004476730553
0,0.08625513528842621
0,0.11823363435803558
0,0.0973883533099447
1,0.14434424674484658
0,0.04453629651860212
0,0.06197728527654056
1,0.249999
0,0.07275464512355814
1,0.08419286529272162
1,0.249999
0,0.249999
0,0.0797060022704795
0,0.12790506259271817
0,0.17049333305643055
0,0.249999
1,0.09078857529430576
0,0.13528332924347342
0,0.19664025456370463
0,0.17608596446799712
0,0.12743063572619404
0,0.14197062212903752
0,0.06750625149780108
0,0.1357095753615201
0,0.1340167505994627
0,0.16393019337757536
0,0.11668036687085903
0,0.17829231135270834
0,0.21076294906918971
0,0.15932575966010795
0,0.1711053845039522
0,0.15318932085467205
0,0.15000506358548485
0,0.10670651798742915
0,0.16898965570039848
1,0.14416280409519064
1,0.249999
0,0.24440129414851453
1,0.17315079315339005
0,0.10421656741831395
0,0.08325531168099493
0,0.22146857718533192
0,0.1657649535088283
0,0.17880860420349665
0,0.04532484078154844
0,0.20564630889349084
0,0.17726522029286176
0,0.08337415893513131
0,0.12170851155300305
0,0.16582303226139117
0,0.15314800790137462
0,0.1324697288517867
1,0.14379070391604235
1,0.13488135730758688
0,0.1591537507261481
0,0.2382895183795894
0,1e-06
0,0.13578898412941895
0,0.16059074528234682
0,0.16775963938122596
0,0.1276851251207226
0,0.04459669305128504
1,0.16967972902284656
0,0.249999
0,0.057968315705031734
0,0.2018296808218913
0,0.13028848661262638
1,0.14632053925026917
0,0.08682608935776305
0,0.12993262965864738
0,0.2280026756819375
0,0.18495931451926242
0,0.249999
0,0.2206447133386616
0,0.17634520073577456
0,0.249999
0,0.17633958952429793
0,0.19967929060782352
0,0.1322057427879175
0,0.1539927489515523
0,0.10815457060198339
0,0.2093750360756912
1,0.07930178261310807
0,0.1969410205450597
0,0.13856093654969043
0,0.22027482560803915
1,0.19505213932387558
0,0.249999
0,0.19384648146831868
0,0.05567758466080555
0,0.14598280962610793
0,0.07967956844431104
0,0.11890320945802352
0,0.2406737059966033
0,0.18825202865386176
0,0.10806417428527522
0,0.08917695801357606
0,0.15196692557257563
0,0.07700639103713233
0,0.10973158335620513
0,0.16872056829307464
0,0.21931872216640175
0,0.1865256883334664
0,0.012522629484114006
0,0.16826200374181557
0,0.15432201439395468
1,0.17483341712236158
0,0.24697258089907242
0,0.026205703391715435
0,0.11453379448853365
1,0.18545437936760129
0,0.05510433603276346
0,0.23855694288321053
1,0.1721013967620395
0,0.20079503915060423
0,0.11574338030869233
0,0.1988258213979726
0,0.21410829335934228
0,0.1639726812082301
0,0.16406405356192175
0,0.16622059435690356
0,0.0981992841156371
0,0.14114827918557882
0,0.14084864805285846
0,0.1730036318612097
0,0.20998945481461767
0,0.08648783508129544
0,0.14249945818082532
0,0.2388873328595384
0,0.10538470627124615
0,0.10066499896258077
0,0.16213837150987162
0,0.2006631114291192
0,0.15068556333363956
0,0.22973763542621933
1,0.2014076389539916
0,0.20050920401340372
0,0.1832469900794456
0,0.249999
0,0.13769029866803734
0,0.02978866247600917
0,0.24625526169102846
0,0.12253803414259046
0,0.156472826660582
1,0.22857304109163162
0,0.053864427536464476
0,0.07490116715363163
0,0.05392332377286878
0,0.10235182259847456
1,0.17637819636101962
0,0.18145127056876625
0,0.16657645075971322
0,0.06523404696645801
0,0.011393793802041363
0,0.15326121512342292
0,0.12169343798169985
0,0.1775631463029967
0,0.1921172175732762
1,0.1582944859235209
0,0.19560798512255123
0,0.1637526824469041
0,0.181803882336088
1,0.10771960422780705
0,0.1392233151701125
0,0.16180656579941743
0,0.19923170852504513
0,0.12637552966652565
0,0.18127003534392674
0,0.13404967248507726
0,0.14294746996031218
0,0.19977114252144437
0,0.03041637773675064
0,0.07221166031551433
0,0.06106887615343075
0,0.009983032809101705
0,0.10930413359068938
0,0.1949660339836644
0,0.1329069560170455
0,0.1618674049165111
0,0.21535304980264755
0,0.2296611679360615
1,0.1458517239164316
0,0.23121515337416382
0,0.15552759950604655
0,0.09975610657035228
0,0.11433597886807588
0,0.06116780924609902
0,0.09671196877598084
0,0.12851899871553424
0,0.1982151011627161
0,0.249999
0,0.06706910907737759
0,0.17356964809559514
0,0.08756736365054793
0,0.1784818253077921
0,0.1421348009587364
0,0.04014565044914818
0,0.20569781949410904
0,0.11369995723147613
0,0.11796598569758672
0,0.08581485532261861
0,0.11074300339874667
0,0.17567342644169504
0,0.13864533954381567
0,0.16971972013694886
0,0.1717153112357306
0,0.22923969933169003
0,0.12943283094813723
0,0.06138853098925609
0,0.21403334499431897
0,0.13011070967416472
0,0.2168755466746426
0,0.17300262679094822
1,0.1421317481877993
1,0.1709265536427777
0,0.249999
0,0.249999
0,0.15416286810796673
0,0.15961143559902452
0,0.21457440944798312
0,0.09926033803395917
0,0.16998422235709532
0,0.14844822912276862
0,0.1688344926874532
0,0.09999787164303564
0,0.054625950401461856
0,0.025620993840522494
0,0.08295695322062353
0,0.12247948290364001
1,0.1324085048010743
0,0.249999
0,0.2163596021944379
0,0.09227453301950236
0,0.17086250714705742
0,0.1255753058189805
0,0.13293816971759428
0,0.16111953896492293
0,0.18715026701852358
0,0.12964449096695907
1,0.2138310919640615
0,0.08148370643145575
0,0.1503803437417361
1,0.249999
0,0.1633847845575165
0,0.23599287039637035
0,0.15549121069039248
0,0.1848466257197878
0,0.1465930083364385
0,0.13977554513014773
0,0.10323105619647482
0,0.17581808153745318
0,0.09890776864885392
0,0.18993511417880574
0,0.2151172202667546
0,0.1719918844342338
0,0.1328250759866585
0,0.17723793475852176
0,0.13147961666721525
0,0.20613282752790896
0,0.04011563494709258
1,0.12986355791288123
0,0.03055128029256013
0,0.0602963501863677
1,0.4318428144317732
1,0.4210325904765213
1,0.499999
1,0.499999
0,0.499999
0,0.499999
1,0.443415949102189
0,0.4711632097815806
0,0.4960093723070546
0,0.45727067695796775
0,0.4578458512746927
0,0.49942518791257096
0,0.4464430412384441
1,0.40624278381758033
1,0.4251316160498485
1,0.48803462266402453
0,0.4501795974719974
1,0.4704125986121003
1,0.4902047545321314
0,0.4275095122261434
1,0.4953748898177884
1,0.4727305562075037
1,0.3759112147853113
0,0.499999
1,0.419955315374585
1,0.350694279408889
1,0.38729737742482184
0,0.3887372903593007
0,0.453130399119452
0,0.4335689696672258
0,0.42979008194156443
0,0.4871821179289487
0,0.47039252167156226
0,0.4689628722386572
0,0.47458970743972156
0,0.4869680800801343
0,0.32352279949335344
0,0.4281337048641323
1,0.3191873961306316
1,0.45216359560786773
0,0.4497220216665393
0,0.499999
0,0.499999
0,0.46216650289514205
0,0.419978335356186
0,0.4791096667527443
1,0.4183249417605412
1,0.44991644091339905
0,0.499999
0,0.4165337192406346
0,0.49834071835455007
0,0.49064408212153815
0,0.3927124909721507
1,0.499999
0,0.4919139807222903
1,0.4561155532423595
0,0.4042605925183409
0,0.3984476388854658
1,0.41774024538581866
0,0.48255566779751763
1,0.3926624899559161
1,0.4762507349171922
1,0.37549466826729644
1,0.43775588493366907
0,0.4565788652744405
0,0.499999
0,0.36736106066877794
0,0.499999
1,0.4589905448392368
1,0.4746703150809578
0,0.45710087480329226
1,0.476683609091714
0,0.44077889373827894
1,0.499999
0,0.42261173134651664
0,0.499999
1,0.4113379727872186
1,0.4463848892159228
0,0.38568224686258684
1,0.47730142322085123
0,0.499999
0,0.44535862921074876
1,0.4381868580777654
0,0.3831229822159244
0,0.43624244078686153
1,0.35443234441670834
0,0.3952273207968704
1,0.4636071627665481
1,0.499999
0,0.499999
0,0.41480489489574596
1,0.499999
1,0.4646251488240989
0,0.4409251411952175
0,0.4759556671035691
1,0.45371498902079754
1,0.45662374353673313
0,0.42550001023039985
1,0.36611342041206896
1,0.3573824878486751
1,0.4891946929968736
0,0.4333979945948572
0,0.41423466602063
0,0.4505103376033892
0,0.49769593517493765
0,0.4608218365815839
0,0.410636703801542
0,0.499999
0,0.499999
0,0.4796733993193712
1,0.499999
0,0.499999
0,0.499999
1,0.48684595062675745
0,0.485900822824493
1,0.48117963440079015
1,0.3841597395271774
0,0.49204338941157516
1,0.36865116173240675
0,0.4023240326924967
0,0.499999
0,0.499999
1,0.499999
1,0.43369953697876246
1,0.38086506952339394
1,0.4355737681757794
0,0.4561218778344345
0,0.4547393229804006
1,0.499999
0,0.4283237744997933
1,0.4711220683081755
1,0.39068237103392367
1,0.4770190366826288
0,0.4501865130111382
0,0.405011199702929
1,0.43585023826950886
0,0.43894945520908674
0,0.43379069223977423
0,0.499999
1,0.4440932398615272
1,0.43536623338935976
0,0.32415294254339155
1,0.39634755888123135
0,0.4342155945326188
0,0.4088488394294014
1,0.499999
0,0.4401037334762269
0,0.499999
0,0.4537022780430221
0,0.4522336701852946
0,0.44467221313724997
0,0.45022777509728756
0,0.499999
0,0.3108233563949269
0,0.32990725533367926
1,0.4174097501366332
1,0.45087167291625413
1,0.49140626548584077
0,0.4783852318816485
0,0.4269452452271658
0,0.499999
1,0.499999
0,0.46104346987629397
0,0.499999
1,0.46635871580592775
0,0.416311018393027
0,0.4918690103400003
0,0.4566367873547207
1,0.45008039080526924
0,0.499999
0,0.30294767228759484
0,0.36493894979042585
0,0.3787757744175378
0,0.4282043611458717
1,0.4347235098140382
0,0.35956046113361717
0,0.39089051806135044
0,0.3983494992885858
1,0.499999
0,0.499999
0,0.42529503493892107
1,0.4281850025815921
0,0.38104776016870234
1,0.335512175206484
0,0.4429871888154886
0,0.3901288810053585
1,0.4449089681002794
0,0.3539876490573914
1,0.40428153250138454
0,0.45891762571816985
0,0.4719725758670362
0,0.47504831752452087
1,0.37077066095057776
1,0.499999
0,0.401987298203889
0,0.4879714748764384
0,0.44936167940290844
1,0.36741675005532315
1,0.4310281377251287
0,0.4719218245238261
1,0.48677792282847593
1,0.4415407261533349
0,0.499999
1,0.499999
0,0.43460075301601486
1,0.4950073087282167
0,0.499999
0,0.499999
0,0.37632000715065017
1,0.39440801333057096
0,0.499999
0,0.3865031369497418
1,0.3706475320024993
1,0.4208283521580572
1,0.47521360256847517
0,0.4438561976033342
0,0.4109661827756645
0,0.4095472522965295
0,0.4072597761352375
0,0.39722942228046343
0,0.499999
0,0.4678506642711333
0,0.499999
1,0.4206553519128646
0,0.43884259936883707
0,0.40718676111777874
1,0.2908974999048479
0,0.36731944338912803
1,0.34136287920117636
0,0.31501297332290357
0,0.37827846154211386
0,0.499999
1,0.44733382993773874
1,0.499999
1,0.47465895461405255
1,0.49695352954290956
1,0.3959461802817255
1,0.4814370572515603
0,0.49372285404446076
1,0.4154011624659784
1,0.48357242223697
0,0.48397126551449
0,0.41702684273219504
0,0.3826338940637403
0,0.3789523000861037
0,0.45519033251528773
0,0.4696205921273589
0,0.4024484501725252
0,0.4515951204795659
0,0.48423222216830913
1,0.48709144287991807
0,0.499999
1,0.499999
0,0.38992251403460737
1,0.499999
1,0.41814140972665714
1,0.499999
0,0.45407919756306536
1,0.425271037292582
0,0.34153818841350403
0,0.43970612938701914
1,0.3564370058816635
0,0.499999
1,0.499999
1,0.4021853406421986
0,0.4681182445511563
0,0.4064765086795215
1,0.41229091619179264
0,0.4964696822319223
1,0.44768770428939525
0,0.499999
0,0.42106605127782476
0,0.499999
0,0.4558448047774669
1,0.497746680584654
0,0.4231705405602032
0,0.4470264697469051
0,0.44307006724206394
1,0.3998365731092528
0,0.48972489207490516
0,0.48901494033470183
1,0.485613281694334
1,0.499999
0,0.499999
0,0.4275033186090519
1,0.4723831391060507
0,0.41258395864450725
0,0.45140131896687335
0,0.41401503305286813
0,0.499999
0,0.47182188902057776
0,0.4369182523137347
0,0.499999
0,0.31976307541227533
0,0.32915384430808264
0,0.4977503193131865
0,0.4536281068870421
1,0.4650267780156456
0,0.37041623380088706
0,0.44860597734897806
0,0.499999
0,0.4994519771877518
0,0.46018239270856875
0,0.4236567653937037
0,0.42632562888783637
1,0.32224812664799896
1,0.46545842525526965
1,0.499999
1,0.3554628403697631
0,0.41031498646159104
0,0.3805521220659947
0,0.3920789283114742
1,0.45320889760931404
0,0.3249358707006915
1,0.48685622630142383
0,0.49523130419602096
1,0.4349338447177853
0,0.3011574894009275
1,0.39021488243985664
0,0.499999
0,0.2833203431562857
0,0.42914859526838883
1,0.3791999532919645
0,0.4982742180950902
0,0.4094931628713923
0,0.4742372412441367
0,0.4839276251501456
0,0.499999
1,0.4378234833794778
1,0.4725626621773567
1,0.36089667125235386
1,0.499999
0,0.40436946911571814
0,0.4163547501547353
0,0.44866513230904737
0,0.356226939279609
0,0.4637262017357363
0,0.499999
0,0.4675760294098375
1,0.3546661461492765
0,0.44257144234022044
0,0.49452173417876943
1,0.3373206740420456
0,0.3855140391709372
0,0.499999
0,0.4662057260518372
0,0.47471829492760526
0,0.499999
1,0.4781131667103722
1,0.48947328062599077
0,0.499999
0,0.4371717265145706
0,0.4021270341828903
0,0.475667783894828
0,0.4763394617633337
0,0.41839707648322755
1,0.3880561788267092
1,0.499999
1,0.4696106082232814
1,0.40606287711587546
0,0.499999
0,0.44345129090631996
1,0.43482711322093015
0,0.4837363723148696
0,0.37248706390609865
1,0.4711576322350304
1,0.499999
1,0.47797065973183867
0,0.42742727377299217
1,0.4195736831743055
1,0.42537960159929344
1,0.43476223931713315
0,0.4273316080345037
1,0.499999
0,0.346007453807461
1,0.499999
0,0.42721880849144633
0,0.47261686714172235
0,0.3823807253879482
1,0.499999
0,0.499999
0,0.499999
1,0.35911471345238766
1,0.4997472642639632
0,0.47429130525814256
0,0.35368372517204594
1,0.4485421569737511
1,0.47187206934199577
0,0.48336451642938905
0,0.46063568201693134
0,0.4674738850108428
0,0.499999
0,0.499999
1,0.27797670277303543
0,0.4309536867097391
1,0.44012093834736293
1,0.3448740856363818
1,0.45565098349393873
1,0.499999
0,0.3848059284245646
1,0.4701840563213924
0,0.39505059136221377
0,0.4096852785792194
0,0.499999
0,0.4174465307932905
0,0.4777327493406375
0,0.3377269130363408
1,0.499999
0,0.48615914677838995
0,0.4390500094409843
1,0.4845327905999937
1,0.36541083426313137
1,0.499999
0,0.4305609134702142
0,0.43775582909709393
1,0.42050066310207096
0,0.41516091583526493
0,0.49168023669770455
1,0.4653544110062534
0,0.48910488848418243
1,0.44947231863086573
0,0.48079198866463085
0,0.4248690753644977
1,0.499999
0,0.3559241750141701
0,0.499999
0,0.499999
0,0.3988704716420644
0,0.499999
1,0.499999
0,0.499999
0,0.45168133122155263
0,0.43696643050687944
0,0.43743547037762354
0,0.47343183577917103
1,0.499999
0,0.4608788530716852
1,0.3953133826117626
0,0.4994656237430988
0,0.499999
0,0.4892795717068672
0,0.494729934391499
1,0.43374431219053156
0,0.39426064997216526
0,0.3979083941615532
1,0.35187220509252853
1,0.464216916692757
1,0.4449930730064044
0,0.4236007377282175
0,0.27266287053929583
0,0.37516095181834985
1,0.499999
0,0.4101224399962122
1,0.4716355006594105
0,0.36655887420148464
1,0.499999
0,0.44135834039671945
0,0.46740242378901214
1,0.499999
0,0.499999
0,0.4316060627227766
1,0.4144067889077785
1,0.4304672993088281
0,0.48059389490859217
1,0.44368655194494777
1,0.4262853512997917
0,0.499999
0,0.4431474064933298
1,0.499999
1,0.4554445538251304
0,0.499999
0,0.47143916536263764
0,0.499999
0,0.40652333690893655
0,0.3987744466447553
0,0.47758235730089926
1,0.499999
0,0.4524153901200278
0,0.37281639989497817
1,0.3683844980226404
1,0.36437181586882555
0,0.34394267322363714
1,0.4565691215668253
1,0.499999
1,0.4491950527845115
0,0.3143751145597289
0,0.4385543723799271
0,0.4402320602020436
1,0.499999
1,0.3625717252248266
0,0.42655934384404826
1,0.499999
0,0.4769987004807929
1,0.4837987844109855
1,0.4568750662214327
1,0.46979661231943587
0,0.4966565718167122
1,0.401430820866434
0,0.499999
1,0.3676198189868677
1,0.6848762310757985
1,0.6528414035241187
1,0.6826074630715078
1,0.7119028696375863
1,0.6539669758881616
1,0.6516230907589189
1,0.6183853937444694
1,0.7234435015653338
1,0.7327193957180236
0,0.713899626654191
1,0.749999
1,0.7052720582248436
1,0.7235206562419454
1,0.7182302455382538
1,0.6945075988349075
1,0.6681506903122211
0,0.749999
1,0.6728829412087894
0,0.6600473373327738
1,0.7260405894070063
1,0.7151112649177003
1,0.6157125071433803
1,0.749999
1,0.69434832547895
0,0.6333441342870567
0,0.749999
1,0.7375405342957692
1,0.6241274804831252
1,0.749999
1,0.7395278421019715
1,0.6993882330624972
1,0.749999
0,0.7095578670297784
1,0.6983150154937581
1,0.6603819930386806
0,0.7349110263584246
0,0.7285961780394388
1,0.7008808083933826
1,0.6526008187679437
0,0.7077957912499644
0,0.6958120728542717
1,0.6199915408759479
0,0.6116912589205488
1,0.7339092027285861
0,0.5438867010968986
1,0.7123246316176756
1,0.6713150165347704
1,0.749999
1,0.6703919074507674
1,0.7395690528551138
1,0.6761851695257325
1,0.7068248892091685
1,0.744210191855203
0,0.6722466570205251
0,0.749999
1,0.640378127373611
1,0.7176755705535027
1,0.749999
0,0.73960224950742
1,0.749999
1,0.6541936409613603
0,0.6172510449190847
0,0.6403398934902927
1,0.7396265539929062
0,0.7298753760561627
1,0.7061353995788449
0,0.6326225770535722
1,0.7460120375997435
1,0.6265177133409675
1,0.749999
1,0.749999
0,0.721987068794293
1,0.7349864881394645
0,0.6704284138662664
0,0.591387200734791
1,0.6638368382181866
0,0.634426285534075
1,0.613179725415099
1,0.749999
1,0.7163717510815464
0,0.722781254836839
0,0.681458658088225
0,0.6896277350533938
0,0.749999
0,0.698059772878287
1,0.7318416362814839
0,0.6882397421292991
1,0.6794708265560772
1,0.6155851500638883
1,0.5813350562579722
1,0.6843062859360158
1,0.703389801519594
1,0.6228321977974725
1,0.697931508097922
1,0.7032251537794301
0,0.5706395196364372
1,0.6450925204312299
1,0.7244358336241281
1,0.7232235237637445
1,0.6307795050160143
1,0.7095068830299841
0,0.749999
1,0.7466243775394539
0,0.6942828527791639
0,0.6719214212005424
1,0.6622393309399297
0,0.7280691869745793
1,0.7117062383885733
0,0.737764240366132
0,0.7079124287872691
0,0.7491258370208465
0,0.705675551977462
0,0.7470813229679012
0,0.749999
1,0.6517284021865112
0,0.5915113571877552
0,0.749999
1,0.7153995238427356
0,0.5971308462702327
1,0.6571708301668773
1,0.7463124575421897
1,0.6832193901320264
1,0.6692763148408524
0,0.749999
1,0.6371627712169713
1,0.6521107985347099
1,0.712683188502896
1,0.7234272959232328
0,0.7297805820604438
0,0.749999
1,0.711914717240891
1,0.7293630363363045
1,0.684447444441095
1,0.7037618981942028
1,0.706452050803218
1,0.7129058881491421
1,0.7463523884549657
1,0.7333087409166898
1,0.702653020174011
1,0.6514524409035376
0,0.7040602754837625
0,0.6983189329062554
1,0.7115908947887919
0,0.749999
0,0.6685736332875258
1,0.7253373411475216
1,0.749999
1,0.7058801148459629
0,0.749999
1,0.6773176424961114
0,0.7194453533392028
1,0.6520716553064211
1,0.6789085158914023
0,0.7149360346237994
1,0.749999
0,0.7191456900414144
0,0.749999
0,0.6943020813644396
1,0.6800698882096596
0,0.749999
1,0.7236542589665218
1,0.6568311072412871
0,0.6583441742651158
0,0.6434392051281195
1,0.749999
1,0.6781373624264054
0,0.7076417485393891
0,0.6961894795337038
1,0.743889544476456
0,0.6491953544269587
1,0.635465662831419
1,0.7134578384308956
1,0.7360575570819938
0,0.7199519387858584
1,0.6514327762541603
1,0.7406490905254836
1,0.655368344374262
0,0.668707681312817
1,0.6433627885166798
1,0.749999
0,0.7380052924616409
1,0.7362996025407323
1,0.749999
1,0.749999
0,0.5974464337653906
1,0.6556974051473735
1,0.6630294949495286
1,0.6489508226570384
0,0.6353450051437772
0,0.682020816156678
1,0.6270037770826357
1,0.7201025420522448
0,0.7031018992857169
1,0.7288617198858193
1,0.7304637070982951
1,0.7361804112056005
1,0.677595463790567
1,0.749999
1,0.7140658669889258
1,0.5882509148425122
1,0.6398574552540269
0,0.595569820658331
1,0.7010400777490784
1,0.6926916865567999
0,0.6718944581260324
1,0.749999
0,0.7329389724446146
1,0.74356590168678
0,0.6441355907234738
1,0.6400513065201392
1,0.7022083299458173
1,0.7103804283791335
1,0.5886213059731326
1,0.689181578629028
0,0.7008443249724102
0,0.6870910500537322
1,0.6511965752591994
0,0.6676278890847316
0,0.6893884483856322
0,0.7054480014166028
0,0.736287494953034
0,0.749999
1,0.682339136588365
1,0.6726306282330785
0,0.7262593404120583
1,0.7366506949846512
1,0.6739479740044668
1,0.7474236086179703
0,0.749999
1,0.749999
0,0.749999
0,0.6480150316804336
0,0.7008338925599507
1,0.7006766617971195
0,0.6941155858880494
0,0.6610442248233918
1,0.6108662798061357
0,0.7055607667617402
1,0.6538986604271252
1,0.7051596088448575
1,0.6523573874980687
1,0.6340204992493395
1,0.7140579016226138
1,0.7090552916083898
1,0.7347569182792559
1,0.749999
1,0.7166373718726508
1,0.7291049060238477
0,0.6353463202679605
0,0.6227855535678175
1,0.749999
0,0.6445912132040017
1,0.6373633557118814
0,0.6976540647270068
1,0.6945884551973567
0,0.6458496096134024
0,0.6817016068772139
0,0.749999
1,0.6516403834700921
1,0.6163796509380297
1,0.749999
0,0.7295378147162822
0,0.6627688827610803
0,0.6050699790323849
1,0.6553225986136861
1,0.6967177337890437
1,0.749999
1,0.6378050815078206
1,0.6949288071093116
1,0.7405086795936938
0,0.5571239595926847
1,0.749999
1,0.6290529656676137
1,0.719919729607416
0,0.7148009889766446
0,0.749999
1,0.7330554628536123
1,0.5573625704962011
1,0.6529132451706405
1,0.7082923077611968
1,0.6883012068328127
1,0.7286566437854062
0,0.7473619933401823
1,0.7365071041857807
0,0.687143503446732
1,0.5892197793327711
0,0.672671125068711
0,0.7249820888883373
0,0.6345731648469713
1,0.7378764838072945
1,0.749999
0,0.7076120185777505
0,0.5161732080212562
1,0.6233146982372918
1,0.749999
1,0.6672077324182972
0,0.5809514066122602
0,0.749999
1,0.7008013354926204
1,0.749999
1,0.7166175205131619
1,0.7275135481727301
1,0.721780554862871
0,0.74184929871526
1,0.749999
1,0.749999
1,0.6051796409292679
1,0.7267996909167341
1,0.749999
1,0.749999
1,0.674403701016454
0,0.749999
1,0.749999
1,0.749999
1,0.6549998958250892
0,0.6695559654159744
1,0.6816328570924027
0,0.6705866709976734
0,0.6465987550141837
0,0.5342394696595754
1,0.6739180315766119
0,0.7221614835819942
1,0.6704066892696453
1,0.749999
1,0.7008025487629517
1,0.749999
1,0.715685224763798
1,0.7495844385935955
1,0.7167544932360137
1,0.749999
1,0.703356361007944
0,0.7297672424853271
1,0.7219799760190025
1,0.6827028725123608
1,0.7242989391354806
1,0.749999
1,0.6837761834742735
1,0.7251678935711948
1,0.749999
1,0.749999
1,0.7007029850631619
1,0.5569966778225582
1,0.7310021691189079
1,0.5668315444826169
1,0.749999
1,0.7101684322715955
1,0.749999
1,0.6458733317091369
1,0.6068495516019967
1,0.71564526304847
0,0.6979837936026314
1,0.67050755043057
1,0.7050796768439658
1,0.749999
0,0.749999
1,0.749999
1,0.749999
0,0.749999
1,0.6885956996259552
0,0.5767143215394823
1,0.6886848320196394
1,0.74870414259979
1,0.6418119762930955
1,0.6894180429706401
0,0.6584938154198612
1,0.749999
0,0.7449674209243937
1,0.7390924372386375
1,0.7372960787872582
0,0.6977650448468723
1,0.7118533769516502
0,0.6288889251680609
1,0.5688134812749659
0,0.7090048678207014
1,0.7194394153763286
1,0.749999
0,0.749999
1,0.749999
1,0.6401185844023672
1,0.6788640979030138
0,0.7288200577528827
1,0.749999
0,0.749999
0,0.749999
1,0.6767327226670425
1,0.6470080221306925
0,0.7473344730029943
1,0.6339603241459384
1,0.6856938189411818
0,0.6931133230598846
1,0.749999
1,0.6787181618224193
0,0.553645021685643
1,0.730266678859748
1,0.6580586888137644
1,0.7025578614662648
0,0.6947977179494725
0,0.6835777602509339
1,0.7474204349070822
1,0.6080281072988375
1,0.6689791465027384
1,0.7410422747870429
1,0.6631549134793379
0,0.6034715974438016
1,0.7401133205954041
0,0.749999
1,0.6973002875414196
1,0.582349264091828
1,0.7423581848019289
1,0.6004067271148187
0,0.7185279566108899
0,0.6467521705154704
0,0.630409642853982
1,0.6734853989752185
0,0.6890021466143643
1,0.661347504976813
0,0.735322196692909
1,0.6732358372924699
1,0.749999
1,0.7168703899386087
1,0.6581465676042215
1,0.6480436069700628
0,0.6011502220571536
0,0.7174439906720093
0,0.6787247471649185
1,0.5576682683161891
1,0.667857107633836
1,0.6459379582447028
1,0.749999
1,0.5978332832864014
1,0.6135189520159567
1,0.749999
1,0.749999
1,0.6553010236764615
1,0.6620748506314653
1,0.7369741237931987
0,0.5603740121832813
1,0.5883283789296666
0,0.6831559959489573
1,0.749999
0,0.6738561947099956
0,0.7060562075041092
0,0.749999
1,0.749999
1,0.6653890916111012
1,0.6989897965759944
1,0.749999
1,0.6086680434885142
1,0.749999
1,0.6389010680583245
1,0.7061483420261894
1,0.6854428571559835
1,0.6425193039579262
0,0.6410138843405034
0,0.7165848618552252
1,0.749999
1,0.6922158278086897
1,0.704206789523993
1,0.7342704439774628
1,0.6417028736192224
1,0.7443815505047753
0,0.7491605858235848
1,0.749999
0,0.677433748566425
1,0.6725150918999123
1,0.7461379522944247
0,0.7491462501347282
1,0.6678947707973972
0,0.675810239384197
1,0.7324678502930824
1,0.6503449455559203
1,0.6753679607190991
0,0.705375566042106
1,0.749999
0,0.6637240830292275
0,0.5894569322781597
0,0.5850041519489073
1,0.624435215997632
0,0.6212099369080037
0,0.6907233544828054
1,0.6286671907841437
1,0.6578347024107277
1,0.653554846901077
1,0.6735695283491203
0,0.749999
1,0.739716855365831
1,0.7009677649165602
1,0.6723384231651497
1,0.6740060406026187
1,0.7196647881971169
0,0.7350501444011374
1,0.645542949633964
1,0.7021888453368539
0,0.5781028258802183
1,0.7127028270502358
1,0.7457289545175211
1,0.6831958823871475
0,0.749999
0,0.647125693153837
1,0.7130464249181956
1,0.8980515405649527
1,0.9616832139239511
1,0.8968018278605308
1,0.8981553700643682
1,0.8649582400066795
1,0.9071474357619767
0,0.9190799216648429
1,0.8529444894650893
1,0.892497335048407
1,0.8633940680365733
1,0.999999
0,0.8946161538053029
1,0.9927139291017936
0,0.8882626601515388
1,0.9155572584920945
1,0.8207181557012839
1,0.8731756444879282
1,0.9126320802473549
1,0.995160229857592
1,0.9133189666605763
1,0.98302322167158
1,0.9384437466121752
1,0.9976440803678812
1,0.8964574669616967
1,0.999999
1,0.8708762278251526
1,0.8540122899481399
1,0.827396829018658
1,0.999999
1,0.9491668543570739
1,0.8799527559971815
1,0.9749413618124098
1,0.9412615311070669
0,0.999999
1,0.8071300300356054
1,0.8840783935011447
1,0.8722487169634305
1,0.7815790394154839
1,0.9636196322867817
1,0.8837762066517986
1,0.9443778722991938
1,0.999999
1,0.8788053784903436
1,0.8747308210405708
0,0.9071198501834398
1,0.9592348411790046
0,0.865997218481391
0,0.8621423041720722
1,0.963431356214482
1,0.9227183594302821
1,0.7773163042197108
1,0.8264764920318536
1,0.9900741518296327
0,0.9241156969847287
1,0.854268244137765
1,0.8897754205659011
1,0.9007942003681002
1,0.9441440016168099
1,0.8185041963084727
1,0.8495430516797725
1,0.9163773452918034
1,0.894009925170273
0,0.9343115509582026
1,0.8262295561584242
1,0.9214277205762793
1,0.9654950171626484
1,0.929209112828957
1,0.9083467043856955
0,0.8942469838460417
1,0.8499089308337099
1,0.8956800844536127
1,0.9755823511728243
1,0.8928582896039925
1,0.8466117606390954
1,0.8704651746740768
0,0.9120510178365558
1,0.8775891601691492
1,0.9291181969837885
1,0.9313706256449419
1,0.9533389908242789
0,0.985413568335902
1,0.9597515234623417
1,0.8439456561511224
1,0.8457879332054237
1,0.8954537114124106
1,0.8729294785656352
1,0.8317003963823435
1,0.8734984923496204
1,0.8715292239828577
1,0.8596891356143277
1,0.8810526308306997
1,0.9707070510190999
1,0.9119542824749544
1,0.999999
1,0.9102304911611789
1,0.8825960535637649
1,0.900247972959292
1,0.9153895187066124
1,0.9261152374302638
1,0.999999
1,0.8492807721013459
1,0.9515427634906641
1,0.9124650358568475
1,0.805734135445763
1,0.9462419269256859
1,0.9760574136482343
1,0.8485694157733542
1,0.8994639679264818
1,0.7964787442795378
1,0.8244716124189398
0,0.9628817746570352
0,0.8720150096395539
1,0.8334718215037177
1,0.9137676218675058
1,0.8686552541141386
1,0.8717507005334678
1,0.9443595615404942
1,0.8302959984639392
1,0.8456780872390901
1,0.9092447995289321
1,0.9581645874448923
1,0.974289618089391
1,0.8600962967783027
1,0.9562426180151788
1,0.8529514623917756
1,0.999999
1,0.8319737384748163
1,0.9797087286475039
1,0.8606108335908766
1,0.999999
1,0.9354792437311491
1,0.8390390082355067
1,0.8686656912274496
1,0.9468708723134245
1,0.9631586650569337
1,0.8957570644965323
0,0.902679496857808
1,0.945501181958644
1,0.9079079056206493
1,0.8223897084396975
1,0.8512215585215892
1,0.9141071965890999
1,0.9729289449898616
1,0.9969589454497229
1,0.946771765246287
1,0.9172374456621818
1,0.9449288331589486
1,0.8599949489875887
1,0.8908061423845072
0,0.8505521567196315
1,0.8250754433575374
1,0.9200129406981723
1,0.9111307983950846
1,0.9412591490705408
1,0.9327667098535468
1,0.9145586562794318
1,0.9333969999406533
1,0.8974390142263514
1,0.9247734837133441
1,0.8564313358388185
1,0.9221823555383478
0,0.9401050611171606
1,0.8598191143156678
1,0.9031099259395708
1,0.8625838494222384
1,0.8684095982090332
1,0.8325042386938708
0,0.9759464955099934
1,0.9639411104832029
1,0.9322460312536403
1,0.999999
1,0.8886452582058966
1,0.999999
1,0.8863482350782068
1,0.915311601105361
0,0.8761333251635876
1,0.9223395336036183
1,0.9501368956731747
1,0.893165016416815
0,0.999999
0,0.9143489570780077
1,0.916229123166612
1,0.845460138329177
1,0.9251099444730231
0,0.8919583667514381
1,0.8635056162397629
1,0.8534115355110982
1,0.999999
1,0.8841913649892579
1,0.812580874753124
1,0.8581067124160456
1,0.8969059296314272
1,0.9328000219569891
1,0.9332877913035188
1,0.9405968731065916
1,0.8613083816017603
1,0.9204264266100928
1,0.8474364321533653
1,0.8628214210191594
1,0.8449374615299845
1,0.8286966687241039
1,0.9638525693314806
1,0.9413167020587333
1,0.9585999221986878
1,0.9023587839614579
1,0.9466084619319088
1,0.7943226357214473
0,0.9517852510827214
1,0.9106271898003019
0,0.9376265760089499
1,0.9228013979429168
1,0.8407766907277868
1,0.8101176134765372
1,0.8572767500290223
1,0.9338950368763748
1,0.9414054849105238
1,0.8179234633570882
1,0.8411340379519071
1,0.8566058588435497
0,0.8785616963839911
0,0.8182769501488409
1,0.814676894031592
1,0.8506898822155468
1,0.9051752301735003
1,0.8291643396147906
1,0.893051789401694
1,0.9635131689685089
1,0.8218932157551895
0,0.8876132544953677
1,0.9614854040250463
1,0.8749038965781715
0,0.8655798185484949
1,0.9698097488583884
1,0.8816278752617072
0,0.966269701512334
0,0.925737923467632
1,0.8794293208254098
1,0.9287814318358518
1,0.9192269708307623
1,0.9612529692601485
1,0.8670992677280989
1,0.9024723640068972
1,0.8963090592237217
1,0.9422488884983871
1,0.8384892483333495
1,0.9610186228942714
1,0.927979726330225
1,0.8209844955820232
1,0.9724957695288301
1,0.999999
1,0.9601100381729645
1,0.9856190860335882
1,0.9051222828961553
1,0.8003097048156894
1,0.7893527729299485
1,0.9153049226320655
1,0.8644812715362012
0,0.8451254233003589
1,0.8962351989618795
1,0.9369351172716773
1,0.8128345471942712
1,0.873067342783177
1,0.990592240987219
1,0.8354826971867175
1,0.9521856712298974
1,0.8709161543070604
1,0.9327476255909972
1,0.965839650432172
1,0.9444769060191013
1,0.9545495761328326
1,0.8309043879955227
1,0.966819582404478
1,0.8488384131219109
1,0.9155725059342923
1,0.9154947712198336
1,0.9291073535321749
1,0.9202174005636115
0,0.8493714012885166
1,0.8190079552622571
1,0.9523409207977062
1,0.911150074651135
1,0.9689626104574691
1,0.8973160239487279
1,0.8156901383593824
1,0.9579677808602464
1,0.8777777634203336
1,0.9205202074452613
1,0.8611524342912289
1,0.9986581026140214
1,0.8474061105490082
1,0.8797542147536296
1,0.906446922161839
1,0.8344690603747825
0,0.9198311717152557
1,0.9967146286480494
1,0.8705722703583774
1,0.9237085691419036
1,0.750001
1,0.8976642479709096
1,0.8812174628444277
1,0.850890143855377
1,0.964887028177712
1,0.8804253791025703
1,0.8893513507743848
1,0.8773684275126558
1,0.7849910476940954
1,0.8320808135953823
1,0.957665609167213
1,0.7734029611872018
1,0.8540210790230577
1,0.8760167966226142
1,0.999999
1,0.9461162259297822
0,0.8665697683768141
1,0.9782708218269331
1,0.8555690507699328
1,0.9605459882240404
1,0.818467365244619
1,0.9643954699073495
1,0.8756319812717409
1,0.8382897455435239
1,0.8869713832154211
1,0.9166406507832129
0,0.8703150941684573
1,0.9332372103597194
1,0.8650203669801559
0,0.9372223436358815
1,0.926533323722196
1,0.896344616717524
1,0.8735170612580431
0,0.909092447745916
1,0.933015224582022
1,0.999999
0,0.9563652253078909
1,0.9585593969889505
0,0.999999
1,0.9309575086060706
0,0.9290786106787021
1,0.9422409044592993
1,0.8394620413447048
1,0.8733659018148746
1,0.86962984399846
1,0.9388568386331737
0,0.8895495262667281
1,0.9082934055284582
1,0.9652472772089079
1,0.9517890443222483
1,0.8902967398175252
1,0.8598002941873066
1,0.9681164838991914
1,0.946433470854592
1,0.8036245909022771
1,0.8812107636655032
1,0.9099309277210058
1,0.9467297830272619
1,0.9546060896963863
0,0.9170343600705284
1,0.9351148518815314
1,0.9038482081426893
1,0.8595688987091664
1,0.8843241365375247
1,0.9011394711984065
1,0.8979192449988846
1,0.7868656257333918
1,0.8761509999042342
1,0.9033723391853491
1,0.8831178004856579
1,0.8851905722693049
1,0.9292794822482753
1,0.835262568777082
1,0.8023174671629274
1,0.8791098125497996
0,0.9458468643301075
1,0.999999
1,0.9469276943456845
1,0.8119041744078692
1,0.8860579656373937
1,0.9153980628648918
0,0.9106554670154156
1,0.9323582731765725
1,0.8449770632123543
1,0.9038965852530446
1,0.9252193697865677
1,0.9495402571982196
1,0.8516569100032325
1,0.8792905879654261
1,0.750001
1,0.8627122819453336
1,0.8685351064217375
1,0.8388249295099535
1,0.9099367290139592
1,0.896643274077284
1,0.7644471673453433
1,0.9129304781581055
0,0.8443005521526584
1,0.9291413375514309
1,0.8230889251362801
1,0.9018003923118564
1,0.8830102002668097
1,0.9181861130970198
0,0.9074818366590809
0,0.8846901494987127
1,0.8078236611573454
1,0.8113675221923381
1,0.8649667836544669
0,0.8995032069642248
0,0.8635051231680531
1,0.9375127158347679
1,0.883246744847299
1,0.8420992365132294
1,0.8833142224207254
1,0.9135515901789931
1,0.9194930831294751
1,0.999999
1,0.8598654395997949
1,0.895591280304576
1,0.9255674368091656
1,0.8985946224479511
1,0.8699629112406808
0,0.8070445694193454
1,0.8693499264568191
1,0.835577855236932
1,0.7964035991325733
1,0.8522592694997648
1,0.8371744967540128
1,0.935027192717577
1,0.9360655102448576
1,0.8457672426251476
1,0.8843862821662127
1,0.7885054402732479
1,0.8703396029890383
1,0.9239389140421408
1,0.9494962733768462
1,0.8572171750985212
1,0.9631112916316512
1,0.8090584847091917
1,0.8251423320513724
0,0.9425797119382726
0,0.999999
0,0.9296059192910218
1,0.8975794568079593
1,0.7682889752086675
1,0.7786531766373913
1,0.9077645722137522
1,0.8785162398257296
1,0.833649889070873
1,0.903931954849803
1,0.9069078820504686
1,0.9566649521124164
1,0.9081961369807621
1,0.9737036621000631
1,0.9004796417729288
1,0.8930799003115598
1,0.963858731174831
1,0.8412935471975139
1,0.999999
1,0.9225154486900041
1,0.9228497551702604
1,0.9315057584383559
1,0.999999
1,0.9475504447003564
0,0.8036966412597646
1,0.9842082230860503
1,0.879546205233299
1,0.9064293043703594
1,0.823244761669484
1,0.9315721210874337
1,0.8609175425959469
1,0.9060101782796084
1,0.882954059678353
1,0.999999
1,0.999999
0,0.9027907902128846
1,0.9038386626821313
0,0.8775934220190291
1,0.9663603774901672
1,0.8802648077799974
1,0.874719763521258
0,0.9587155718198979
1,0.867702054281001
1,0.8977346979330881
1,0.8051213531093404
1,0.94225142070739
1,0.999999
1,0.9432735223679876
1,0.9877079500528383
1,0.8492338718293602
1,0.9141794569216921
1,0.8434104045378367
1,0.8863340672651194
1,0.9463326886411503
1,0.9061092367861979
0,0.8152415386439267
1,0.8210982536677348
1,0.8171301641105536
1,0.9294871553963754
1,0.999999
1,0.9817474946400128
1,0.7862408880512362
0,0.9852645562841871
